{"accuracy": [0.2367916703224182, 0.45497918128967285, 0.5552083253860474, 0.6129791736602783, 0.6492916941642761, 0.6731666922569275, 0.6924999952316284, 0.706125020980835, 0.7175208330154419, 0.7272708415985107, 0.7347916960716248, 0.7424166798591614, 0.750374972820282, 0.7558749914169312, 0.7614583373069763, 0.7662708163261414, 0.7714999914169312, 0.7757083177566528, 0.7797291874885559, 0.7823958396911621], "loss": [2.312579870223999, 1.6987656354904175, 1.4067912101745605, 1.2411268949508667, 1.1287500858306885, 1.0531967878341675, 0.9982333183288574, 0.9552701711654663, 0.9204479455947876, 0.8912451267242432, 0.8651858568191528, 0.8404735326766968, 0.8185436129570007, 0.7992328405380249, 0.7821680307388306, 0.7667933702468872, 0.7523381114006042, 0.7394342422485352, 0.7273526191711426, 0.7157366275787354], "val_accuracy": [0.3699166774749756, 0.5115833282470703, 0.562166690826416, 0.6045833230018616, 0.6318333148956299, 0.6467499732971191, 0.6570833325386047, 0.6623333096504211, 0.6672499775886536, 0.672249972820282, 0.6767500042915344, 0.6797500252723694, 0.684333324432373, 0.6869999766349792, 0.6879166960716248, 0.6880833506584167, 0.6885833144187927, 0.690666675567627, 0.6914166808128357, 0.6931666731834412], "val_loss": [1.948324203491211, 1.5432056188583374, 1.3619325160980225, 1.2416311502456665, 1.167918086051941, 1.1210030317306519, 1.0894674062728882, 1.066675066947937, 1.050746202468872, 1.0377159118652344, 1.0269155502319336, 1.017132043838501, 1.0095666646957397, 1.005383849143982, 1.0033518075942993, 1.001208782196045, 1.0007388591766357, 1.0008490085601807, 1.0005921125411987, 1.0019779205322266]}