{"accuracy": [0.43006250262260437, 0.7397083044052124, 0.8236250281333923, 0.8668333292007446, 0.890541672706604, 0.9088541865348816, 0.9218541383743286, 0.9332083463668823, 0.9392499923706055, 0.9477083086967468, 0.9520416855812073, 0.9559583067893982, 0.9586041569709778, 0.9633125066757202, 0.9645833373069763, 0.9673749804496765, 0.9704375267028809, 0.9714791774749756, 0.9723958373069763, 0.9725208282470703, 0.9745000004768372, 0.9777083396911621, 0.9770833253860474, 0.9773541688919067, 0.979854166507721, 0.9808750152587891, 0.9789791703224182, 0.9809374809265137, 0.981208324432373, 0.9826250076293945, 0.9845625162124634, 0.9836458563804626, 0.9860000014305115, 0.9837499856948853, 0.9832500219345093, 0.9856874942779541, 0.9867291450500488, 0.9856041669845581, 0.9865208268165588, 0.9864166378974915, 0.987500011920929, 0.9880208373069763, 0.9869999885559082, 0.9869375228881836, 0.9890000224113464, 0.9878541827201843], "loss": [1.8226648569107056, 0.8436958193778992, 0.5840755105018616, 0.4424910843372345, 0.36167627573013306, 0.3003637492656708, 0.2537344694137573, 0.21613578498363495, 0.19467474520206451, 0.16997696459293365, 0.1529499739408493, 0.14227041602134705, 0.13425540924072266, 0.11910267919301987, 0.11570511758327484, 0.1028078943490982, 0.09641130268573761, 0.09212837368249893, 0.08916941285133362, 0.09011222422122955, 0.08313629031181335, 0.07329196482896805, 0.07585499435663223, 0.07368526607751846, 0.06666268408298492, 0.0629919245839119, 0.06834176927804947, 0.06210029125213623, 0.06009148061275482, 0.05568967014551163, 0.05055294185876846, 0.053139008581638336, 0.05016057938337326, 0.052538447082042694, 0.05688173323869705, 0.04905082657933235, 0.042782753705978394, 0.04709615558385849, 0.04665742442011833, 0.04524979740381241, 0.042309198528528214, 0.040550023317337036, 0.0437404029071331, 0.04126406088471413, 0.03740638494491577, 0.04029233753681183], "val_accuracy": [0.7320833206176758, 0.8270833492279053, 0.8587499856948853, 0.8824166655540466, 0.8930833339691162, 0.9076666831970215, 0.9070000052452087, 0.9128333330154419, 0.9157500267028809, 0.9200833439826965, 0.918833315372467, 0.9296666383743286, 0.9272500276565552, 0.9262499809265137, 0.9265000224113464, 0.9333333373069763, 0.9309166669845581, 0.9313333630561829, 0.9311666488647461, 0.9350000023841858, 0.9355000257492065, 0.9388333559036255, 0.9379166960716248, 0.9360833168029785, 0.934249997138977, 0.9394166469573975, 0.940583348274231, 0.940500020980835, 0.940666675567627, 0.9402499794960022, 0.9391666650772095, 0.9454166889190674, 0.9384999871253967, 0.9364166855812073, 0.9419999718666077, 0.9420833587646484, 0.9453333616256714, 0.9432500004768372, 0.9468333125114441, 0.9432500004768372, 0.940416693687439, 0.9446666836738586, 0.9447500109672546, 0.9461666941642761, 0.9468333125114441, 0.9426666498184204], "val_loss": [0.835515558719635, 0.5573768615722656, 0.4898315966129303, 0.3990596532821655, 0.355288565158844, 0.3311660885810852, 0.33500656485557556, 0.3270377814769745, 0.31156209111213684, 0.3026012182235718, 0.3082529306411743, 0.2925492823123932, 0.295835942029953, 0.3001304268836975, 0.2937479317188263, 0.2765035629272461, 0.29190346598625183, 0.29843342304229736, 0.29237303137779236, 0.27327755093574524, 0.2697284519672394, 0.26783305406570435, 0.2650042176246643, 0.2780038118362427, 0.3003759980201721, 0.2718585133552551, 0.2684260904788971, 0.2672441303730011, 0.27907148003578186, 0.27942711114883423, 0.29365742206573486, 0.27050161361694336, 0.3027994632720947, 0.29398903250694275, 0.2793181836605072, 0.26748648285865784, 0.256771445274353, 0.2742570638656616, 0.25205278396606445, 0.27323633432388306, 0.27548879384994507, 0.27713051438331604, 0.26546168327331543, 0.27245599031448364, 0.2599557340145111, 0.2800738513469696]}